{"cameraMode":{"drawMode":0,"name":"Shaded","section":"Shading Mode"},"sceneLighting":false,"audioPlay":false,"sceneViewState":{"showFog":true,"showMaterialUpdate":false,"showSkybox":false,"showFlares":true,"showImageEffects":true,"showParticleSystems":true},"in2DMode":false,"pivot":{"x":3.346465587615967,"y":-2.3959574699401857,"z":-2.7568881511688234},"rotation":{"x":-0.13906410336494447,"y":-0.8276983499526978,"z":0.2347061038017273,"w":-0.49041947722435},"size":7.296749591827393,"orthographic":false}